car name,brand
AYLA X 1.2,Daihatsu
AGYA TRD SPORTIVO 1.0,Toyota
X-TRAIL 2.5,Nissan
YARIS S TRD 1.5,Toyota
AGYA G 1.2,Toyota
AVANZA G 1.3,Toyota
AVANZA G 1.5,Toyota
OUTLANDER SPORT PX 2.0,Mitsubishi
BRIO SATYA E 1.2,Honda
HR-V S 1.5,Honda
AGYA G TRD 1.2,Toyota
AYLA R 1.2,Daihatsu
AYLA R DLX 1.2,Daihatsu
ALMAZ LT LUX 1.5,Wuling
TERIOS TX 1.5,Daihatsu
MOBILIO E 1.5,Honda
ERTIGA GL 1.5,Suzuki
CR-V TURBO 1.5,Honda
CONFERO 2WD 1.5,Wuling
LIVINA VL 1.5,Nissan
CALYA G 1.2,Toyota
TERIOS R 1.5,Daihatsu
XPANDER ULTIMATE 1.5,Mitsubishi
AYLA X 1.0,Daihatsu
HR-V E 1.5,Honda
OUTLANDER SPORT GLS 2.0,Mitsubishi
HR-V SE 1.5,Honda
ALMAZ S+T 1.5,Wuling
IGNIS GL 1.2,Suzuki
KIJANG INNOVA REBORN G 2.0,Toyota
MOBILIO RS 1.5,Honda
KIJANG INNOVA V 2.0,Toyota
KIJANG INNOVA G 2.0,Toyota
AGYA GR SPORT 1.2,Toyota
TERIOS X DLX 1.5,Daihatsu
BRIO RS 1.2,Honda
FORTUNER VRZ 2.4,Toyota
CX-5 ELITE 2.5,Mazda
GRAND LIVINA XV 1.5,Nissan
AGYA G 1.0,Toyota
IGNIS GX 1.2,Suzuki
CORTEZ C T LUX 1.5,Wuling
ALMAZ RS LT LUX + SC CVT 1.5,Wuling
CONFERO S 1.5,Wuling
ALMAZ L TURBO 1.5,Wuling
KIJANG INNOVA REBORN VENTURER GASOLINE 2.0,Toyota
BALENO HATCHBACK 1.4,Suzuki
TERIOS X 1.5,Daihatsu
ALMAZ LT LUX + SC CVT 1.5,Wuling
CITY RS HATCHBACK 1.5,Honda
AYLA X ELEGANT 1.0,Daihatsu
AVANZA E 1.3,Toyota
RUSH S TRD SPORTIVO 1.5,Toyota
XENIA R STD 1.3,Daihatsu
CORTEZ S T LUX 1.5,Wuling
CORTEZ L T LUX 1.5,Wuling
PAJERO SPORT DAKAR 4X2 2.4,Mitsubishi
XL7 ALPHA 1.5,Suzuki
YARIS G 1.5,Toyota
RUSH S 1.5,Toyota
XENIA X 1.3,Daihatsu
RUSH S GR SPORT 1.5,Toyota
CR-V 2.0,Honda
ROCKY R 1.0,Daihatsu
ERTIGA GL 1.4,Suzuki
KIJANG INNOVA REBORN V 2.0,Toyota
ALMAZ LT LUX CVT 1.5,Wuling
CORTEZ T LUX 1.5,Wuling
XPANDER EXCEED 1.5,Mitsubishi
AGYA G TRD 1.0,Toyota
ECLIPSE CROSS ULTIMATE 1.5,Mitsubishi
RUSH S TRD 1.5,Toyota
HR-V E PLUS 1.5,Honda
2 GT SKYACTIV 1.5,Mazda
X-TRAIL 2.0,Nissan
ERTIGA GX 1.4,Suzuki
SIENTA Q 1.5,Toyota
CONFERO S L LUX 1.5,Wuling
SX4 S-CROSS 1.5,Suzuki
ERTIGA SPORT GT 1.5,Suzuki
SIGRA R DLX 1.2,Daihatsu
SIGRA D 1.0,Daihatsu
2 R SKYACTIV 1.5,Mazda
XPANDER SPORT 1.5,Mitsubishi
BR-V E 1.5,Honda
CITY E 1.5,Honda
TERIOS R DLX 1.5,Daihatsu
XENIA R DLX 1.3,Daihatsu
BR-V E PRESTIGE 1.5,Honda
KIJANG INNOVA G LUX 2.0,Toyota
SIGRA R STD 1.2,Daihatsu
RUSH G 1.5,Toyota
GO+ PANCA T 1.2,Datsun
XENIA X STD 1.3,Daihatsu
RAIZE TURBO G 1.0,Toyota
KIJANG INNOVA Q 2.0,Toyota
AVANZA VELOZ 1.3,Toyota
CX-3 GT 2.0,Mazda
BRIO E 1.2,Honda
PAJERO SPORT DAKAR ULTIMATE 4X2 2.4,Mitsubishi
AGYA G TRD SPORTIVO 1.2,Toyota
ALMAZ S+T SMART ENJOY 1.5,Wuling
IGNIS GX AGS 1.2,Suzuki
CRETA PRIME 1.5,Hyundai
RAIZE GR SPORT 1.0,Toyota
ERTIGA DREZA 1.4,Suzuki
SANTA FE CRDI 2.2,Hyundai
CX-5 GT 2.5,Mazda
XL7 BETA 1.5,Suzuki
KIJANG INNOVA VENTURER 2.0,Toyota
CONFERO S L 1.5,Wuling
ERTIGA GX 1.5,Suzuki
SIENTA V 1.5,Toyota
BR-V PRESTIGE 1.5,Honda
ERTIGA DREZA GS 1.4,Suzuki
BIANTE SKYACTIV 2.0,Mazda
GRAND LIVINA SV 1.5,Nissan
CX-3 TOURING 2.0,Mazda
MARCH 1.2,Nissan
XENIA R 1.3,Daihatsu
XENIA R SPORTY 1.3,Daihatsu
SIENTA G 1.5,Toyota
MOBILIO E PRESTIGE 1.5,Honda
MARCH 1.5,Nissan
FORTUNER VRZ GR SPORT 2.8,Toyota
S-PRESSO 1.0,Suzuki
SERENA HIGHWAY STAR 2.0,Nissan
FORTUNER VRZ 4X2 2.4,Toyota
TERIOS ADVENTURE R 1.5,Daihatsu
SPARK PREMIER 1.4,Chevrolet
CARRY PICK UP 1.5,Suzuki
CX-5 HIGH 2.5,Mazda
RAIZE GR 1.0,Toyota
ECOSPORT TITANIUM 1.5,Ford
GRAND LIVINA HIGHWAY STAR 1.5,Nissan
ROCKY X 1.2,Daihatsu
SIRION 1.3,Daihatsu
GO PANCA T LIVE 1.2,Datsun
XPANDER CROSS 1.5,Mitsubishi
GRAND LIVINA HIGHWAY STAR AUTECH 1.5,Nissan
GRAND LIVINA X-GEAR 1.5,Nissan
KIJANG INNOVA REBORN G 2.4,Toyota
CALYA E 1.2,Toyota
2 GT 1.5,Mazda
JAZZ RS 1.5,Honda
FORTUNER G TRD 2.5,Toyota
KARIMUN GS 1.0,Suzuki
SIGRA X 1.2,Daihatsu
AVANZA VELOZ 1.5,Toyota
MOBILIO S 1.5,Honda
CIVIC FB2 1.8,Honda
RAIZE GR TWO TONE 1.0,Toyota
XL7 ZETA GL 1.5,Suzuki
X-TRAIL URBAN SELECTION 2.5,Nissan
JUKE 1.5,Nissan
SIRION M602RS 1.3,Daihatsu
FORTUNER G 2.5,Toyota
MARCH L 1.2,Nissan
KARIMUN GL 1.0,Suzuki
CROSS 1.2,Datsun
BRIO SATYA S 1.2,Honda
COLT L300 PICK UP 2.5,Mitsubishi
FREED E 1.5,Honda
SIGRA M 1.0,Daihatsu
SIGRA R 1.2,Daihatsu
2 R 1.5,Mazda
CR-V TURBO PRESTIGE 1.5,Honda
3 20I (CKD) 2.0,BMW
BRIO E 1.3,Honda
FREED S 1.5,Honda
RAIZE GR SPORT TSS 1.0,Toyota
STARGAZER PRIME 1.5,Hyundai
